time,sentpackets@tsung_controller@3569fb844dae 
10,8534 
20,857 
30,839 
40,839 
50,839 
60,839 
70,839 
80,839 
90,839 
100,839 
110,839 
120,839 
130,839 
140,839 
150,839 
160,839 
170,839 
180,839 
190,839 
200,839 
210,839 
220,839 
230,839 
240,839 
250,839 
260,839 
270,839 
280,839 
290,839 
300,839 
310,839 
320,839 
330,839 
340,839 
350,839 
360,839 
370,839 
380,839 
390,839 
400,839 
410,839 
420,839 
430,839 
440,839 
450,839 
460,839 
470,839 
480,839 
490,839 
500,839 
510,839 
520,839 
530,839 
540,839 
550,839 
560,839 
570,839 
580,839 
590,839 
600,839 
610,839 
620,839 
630,839 
640,839 
650,839 
660,839 
670,839 
680,839 
690,839 
700,839 
710,839 
720,839 
730,839 
740,839 
750,839 
760,839 
770,839 
780,839 
790,839 
800,839 
810,839 
820,839 
830,839 
840,839 
850,839 
860,839 
870,839 
880,839 
890,839 
900,839 
910,839 
920,839 
930,839 
940,839 
950,839 
960,839 
970,839 
980,839 
990,839 
1000,839 
1010,839 
1020,839 
1030,839 
1040,839 
1050,839 
1060,839 
1070,839 
1080,839 
1090,839 
1100,839 
1110,839 
1120,839 
1130,839 
1140,839 
1150,839 
1160,839 
1170,839 
1180,839 
1190,839 
1200,839 
1210,839 
1220,839 
1230,839 
1240,839 
1250,839 
1260,839 
1270,839 
1280,839 
1290,839 
1300,839 
1310,839 
1330,839 
1340,839 
1350,839 
1360,839 
1370,839 
1380,839 
1390,839 
1400,839 
1410,839 
1420,839 
1430,839 
1440,839 
1450,839 
1460,839 
1470,839 
1480,839 
1490,839 
1500,839 
1510,839 
1520,839 
1530,839 
1540,839 
1550,839 
1560,839 
1570,839 
1580,839 
1590,839 
1600,839 
1610,839 
1620,839 
1630,839 
1640,839 
1650,839 
1660,839 
1670,839 
1680,839 
1690,839 
1700,839 
1710,839 
1720,839 
1730,839 
1740,839 
1750,839 
1760,839 
1770,839 
1780,839 
1790,839 
1800,839 
1810,839 
1820,839 
1830,839 
1840,839 
1850,839 
1860,839 
1870,839 
1880,839 
1890,839 
1900,839 
1910,839 
1920,839 
1930,839 
1940,839 
1950,839 
1960,839 
1970,839 
1980,839 
1990,839 
2000,839 
2010,839 
2020,839 
2030,839 
2040,839 
2050,839 
2060,839 
2070,839 
2080,839 
2090,839 
2100,839 
2110,839 
2120,839 
2130,839 
2140,839 
2150,839 
2160,839 
2170,839 
2180,839 
2190,839 
2200,839 
2210,839 
2220,839 
2230,839 
2240,839 
2250,839 
2260,839 
2270,839 
2280,839 
2290,839 
2300,839 
2310,839 
2320,839 
2330,839 
2340,839 
2350,839 
2360,839 
2370,839 
2380,839 
2390,839 
2400,839 
2410,839 
2420,839 
2430,839 
2440,839 
2450,839 
2460,839 
2470,839 
2480,839 
2490,839 
2500,839 
2510,839 
2520,839 
2530,839 
2540,839 
2550,839 
2560,839 
2570,839 
2580,839 
2590,839 
2600,839 
2610,839 
2620,839 
2630,839 
2640,839 
2650,839 
2660,839 
2670,839 
2680,839 
2690,839 
2700,839 
2710,839 
2720,839 
2730,839 
2740,839 
2750,839 
2760,839 
2770,839 
2780,839 
2790,839 
2800,839 
2810,839 
2820,839 
2830,839 
2840,839 
2850,839 
2860,839 
2870,839 
2880,839 
2890,839 
2900,839 
2910,839 
2920,839 
2930,839 
2940,839 
2950,839 
2960,839 
2980,839 
2990,839 
3000,839 
3010,839 
3020,839 
3030,839 
3040,839 
3050,839 
3060,839 
3070,839 
3080,839 
3090,839 
3100,839 
3110,839 
3120,839 
3130,839 
3140,839 
3150,839 
3160,839 
3170,839 
3180,839 
3190,839 
3200,839 
3210,839 
3220,839 
3230,839 
3240,839 
3250,839 
3260,839 
3270,839 
3280,839 
3290,839 
3300,839 
3310,839 
3320,839 
3330,839 
3340,839 
3350,839 
3360,839 
3370,839 
3380,839 
3390,839 
3400,839 
3410,839 
3420,839 
3430,839 
3440,839 
3450,839 
3460,839 
3470,839 
3480,839 
3490,839 
3500,839 
3510,839 
3520,839 
3530,839 
3540,839 
3550,839 
3560,839 
3570,839 
3580,839 
3590,839 
3600,839 
3610,839 
3620,839 
3630,839 
3640,839 
3650,839 
3660,839 
3670,839 
3680,839 
3690,839 
3700,839 
3710,839 
3720,839 
3730,839 
3740,839 
3750,839 
3760,839 
3770,839 
3780,839 
3790,839 
3800,839 
3810,839 
3820,839 
3830,839 
3840,839 
3850,839 
3860,839 
3870,839 
3880,839 
3890,839 
3900,839 
3910,839 
3920,839 
3930,839 
3940,839 
3950,839 
3960,839 
3970,839 
3980,839 
3990,839 
4000,839 
4010,839 
4020,839 
4030,839 
4040,839 
4050,839 
4060,839 
4070,839 
4080,839 
4090,839 
4100,839 
4110,839 
4120,839 
4130,839 
4140,839 
4150,839 
4160,839 
4170,839 
4180,839 
4190,839 
4200,839 
4210,839 
4220,839 
4230,839 
4240,839 
4250,839 
4260,839 
4270,839 
4280,839 
4290,839 
4300,839 
4310,839 
4320,839 
4330,839 
4340,839 
4350,839 
4360,839 
4370,839 
4380,839 
4390,839 
4400,839 
4410,839 
4420,839 
4430,839 
4440,839 
4450,839 
4460,839 
4470,839 
4480,839 
4490,839 
4500,839 
4510,839 
4520,839 
4530,839 
4540,839 
4550,839 
4560,839 
4570,839 
4580,839 
4590,839 
4600,839 
4610,839 
4620,839 
4630,839 
4640,839 
4660,839 
4670,839 
4680,839 
4690,839 
4700,839 
4710,839 
4720,839 
4730,839 
4740,839 
4750,839 
4760,839 
4770,839 
4780,839 
